y_mm \ x_mm,-39.00,-38.00,-37.00,-36.00,-35.00,-34.00,-33.00,-32.00,-31.00,-30.00,-29.00,-28.00,-27.00,-26.00,-25.00,-24.00,-23.00,-22.00,-21.00,-20.00,-19.00,-18.00,-17.00,-16.00,-15.00,-14.00,-13.00,-12.00,-11.00,-10.00,-9.00,-8.00,-7.00,-6.00,-5.00,-4.00,-3.00,-2.00,-1.00,0.00,1.00,2.00,3.00,4.00,5.00,6.00,7.00,8.00,9.00,10.00,11.00,12.00,13.00,14.00,15.00,16.00,17.00,18.00,19.00,20.00,21.00,22.00,23.00,24.00,25.00,26.00,27.00,28.00,29.00,30.00,31.00,32.00,33.00,34.00,35.00,36.00,37.00,38.00,39.00,40.00,41.00,42.00,43.00,44.00,45.00
43.00,0.0002,0.0002,0.0002,0.0002,0.0003,0.0005,0.0009,0.0010,0.0010,0.0010,0.0011,0.0015,0.0020,0.0024,0.0026,0.0030,0.0034,0.0037,0.0040,0.0046,0.0056,0.0064,0.0070,0.0074,0.0077,0.0082,0.0090,0.0095,0.0098,0.0104,0.0115,0.0123,0.0128,0.0128,0.0123,0.0122,0.0125,0.0127,0.0127,0.0128,0.0130,0.0129,0.0126,0.0120,0.0111,0.0108,0.0110,0.0104,0.0091,0.0082,0.0077,0.0070,0.0062,0.0056,0.0050,0.0044,0.0037,0.0029,0.0021,0.0017,0.0018,0.0017,0.0012,0.0010,0.0009,0.0007,0.0004,0.0002,0.0002,0.0002,0.0002,0.0002,0.0001,0.0001,0.0001,0.0001,0.0000,0.0001,0.0002,0.0002,0.0001,0.0001,0.0001,0.0000,0.0000
42.00,0.0002,0.0002,0.0002,0.0003,0.0004,0.0007,0.0012,0.0014,0.0014,0.0015,0.0017,0.0021,0.0026,0.0031,0.0034,0.0038,0.0042,0.0046,0.0051,0.0061,0.0076,0.0089,0.0099,0.0104,0.0103,0.0108,0.0119,0.0127,0.0133,0.0143,0.0157,0.0168,0.0175,0.0174,0.0165,0.0163,0.0167,0.0170,0.0173,0.0175,0.0175,0.0176,0.0178,0.0169,0.0150,0.0143,0.0146,0.0141,0.0126,0.0114,0.0105,0.0093,0.0078,0.0070,0.0069,0.0061,0.0046,0.0034,0.0025,0.0022,0.0025,0.0024,0.0018,0.0014,0.0012,0.0009,0.0005,0.0002,0.0003,0.0003,0.0003,0.0002,0.0001,0.0001,0.0000,0.0000,0.0000,0.0001,0.0004,0.0004,0.0002,0.0001,0.0001,0.0001,0.0000
41.00,0.0003,0.0003,0.0003,0.0004,0.0006,0.0009,0.0014,0.0017,0.0018,0.0020,0.0021,0.0026,0.0033,0.0041,0.0049,0.0056,0.0064,0.0073,0.0083,0.0094,0.0107,0.0119,0.0131,0.0140,0.0145,0.0153,0.0164,0.0177,0.0191,0.0206,0.0221,0.0233,0.0244,0.0249,0.0249,0.0250,0.0250,0.0255,0.0265,0.0267,0.0261,0.0254,0.0247,0.0237,0.0225,0.0217,0.0213,0.0201,0.0181,0.0163,0.0148,0.0133,0.0117,0.0106,0.0097,0.0084,0.0066,0.0052,0.0044,0.0038,0.0034,0.0029,0.0023,0.0018,0.0013,0.0010,0.0009,0.0007,0.0006,0.0005,0.0004,0.0003,0.0001,0.0001,0.0001,0.0001,0.0001,0.0001,0.0003,0.0003,0.0001,0.0001,0.0000,0.0000,0.0000
40.00,0.0004,0.0003,0.0003,0.0005,0.0008,0.0012,0.0016,0.0020,0.0023,0.0024,0.0025,0.0030,0.0040,0.0051,0.0063,0.0075,0.0085,0.0099,0.0115,0.0127,0.0137,0.0149,0.0162,0.0176,0.0188,0.0199,0.0209,0.0226,0.0249,0.0269,0.0284,0.0299,0.0313,0.0324,0.0333,0.0336,0.0334,0.0341,0.0357,0.0359,0.0346,0.0333,0.0317,0.0305,0.0299,0.0291,0.0280,0.0262,0.0236,0.0213,0.0191,0.0172,0.0157,0.0141,0.0125,0.0107,0.0085,0.0071,0.0064,0.0054,0.0043,0.0034,0.0029,0.0022,0.0015,0.0012,0.0014,0.0012,0.0008,0.0006,0.0005,0.0003,0.0002,0.0001,0.0001,0.0001,0.0001,0.0001,0.0002,0.0002,0.0001,0.0001,0.0000,0.0000,0.0000
39.00,0.0004,0.0005,0.0006,0.0007,0.0009,0.0013,0.0017,0.0022,0.0027,0.0032,0.0037,0.0046,0.0059,0.0073,0.0089,0.0103,0.0115,0.0132,0.0155,0.0175,0.0192,0.0215,0.0243,0.0267,0.0285,0.0307,0.0332,0.0353,0.0371,0.0388,0.0403,0.0421,0.0444,0.0464,0.0482,0.0495,0.0503,0.0507,0.0509,0.0501,0.0482,0.0466,0.0451,0.0439,0.0430,0.0411,0.0383,0.0358,0.0334,0.0304,0.0269,0.0239,0.0216,0.0194,0.0175,0.0153,0.0128,0.0107,0.0091,0.0075,0.0062,0.0050,0.0038,0.0029,0.0023,0.0019,0.0018,0.0016,0.0012,0.0009,0.0006,0.0004,0.0003,0.0002,0.0002,0.0002,0.0002,0.0002,0.0002,0.0001,0.0001,0.0000,0.0000,0.0000,0.0000
38.00,0.0004,0.0006,0.0008,0.0009,0.0010,0.0014,0.0019,0.0025,0.0032,0.0040,0.0050,0.0062,0.0077,0.0095,0.0115,0.0131,0.0144,0.0165,0.0195,0.0222,0.0248,0.0282,0.0324,0.0357,0.0382,0.0414,0.0454,0.0480,0.0494,0.0507,0.0521,0.0544,0.0574,0.0603,0.0630,0.0653,0.0671,0.0674,0.0661,0.0642,0.0618,0.0598,0.0585,0.0572,0.0560,0.0532,0.0486,0.0453,0.0431,0.0396,0.0346,0.0306,0.0274,0.0247,0.0224,0.0199,0.0171,0.0144,0.0117,0.0097,0.0081,0.0065,0.0048,0.0036,0.0030,0.0025,0.0022,0.0019,0.0016,0.0012,0.0008,0.0005,0.0004,0.0004,0.0005,0.0004,0.0003,0.0002,0.0001,0.0000,0.0000,0.0000,0.0000,0.0000,0.0000
37.00,0.0006,0.0008,0.0010,0.0012,0.0014,0.0019,0.0027,0.0034,0.0041,0.0053,0.0070,0.0091,0.0116,0.0141,0.0167,0.0189,0.0207,0.0239,0.0283,0.0323,0.0358,0.0401,0.0452,0.0497,0.0539,0.0585,0.0635,0.0664,0.0674,0.0703,0.0749,0.0788,0.0820,0.0846,0.0865,0.0885,0.0904,0.0917,0.0922,0.0907,0.0873,0.0850,0.0838,0.0819,0.0791,0.0753,0.0705,0.0655,0.0603,0.0546,0.0482,0.0430,0.0388,0.0348,0.0309,0.0271,0.0234,0.0198,0.0161,0.0130,0.0104,0.0083,0.0065,0.0051,0.0041,0.0033,0.0027,0.0023,0.0021,0.0017,0.0011,0.0008,0.0005,0.0004,0.0004,0.0003,0.0002,0.0001,0.0001,0.0000,0.0000,0.0000,0.0000,0.0001,0.0001
36.00,0.0008,0.0010,0.0013,0.0015,0.0017,0.0024,0.0035,0.0044,0.0050,0.0066,0.0091,0.0121,0.0154,0.0187,0.0219,0.0247,0.0270,0.0312,0.0372,0.0424,0.0468,0.0520,0.0579,0.0638,0.0696,0.0755,0.0816,0.0848,0.0854,0.0898,0.0978,0.1033,0.1066,0.1088,0.1100,0.1117,0.1138,0.1160,0.1184,0.1173,0.1129,0.1102,0.1092,0.1066,0.1022,0.0974,0.0923,0.0857,0.0775,0.0695,0.0618,0.0554,0.0502,0.0449,0.0394,0.0343,0.0297,0.0251,0.0204,0.0163,0.0127,0.0101,0.0082,0.0066,0.0051,0.0040,0.0032,0.0027,0.0026,0.0022,0.0015,0.0010,0.0006,0.0004,0.0003,0.0002,0.0001,0.0001,0.0001,0.0000,0.0000,0.0000,0.0001,0.0001,0.0001
35.00,0.0008,0.0011,0.0017,0.0023,0.0029,0.0037,0.0045,0.0057,0.0070,0.0091,0.0118,0.0154,0.0197,0.0242,0.0288,0.0335,0.0382,0.0443,0.0517,0.0578,0.0627,0.0700,0.0797,0.0874,0.0933,0.1002,0.1080,0.1150,0.1212,0.1268,0.1318,0.1377,0.1444,0.1491,0.1518,0.1541,0.1561,0.1579,0.1595,0.1577,0.1527,0.1487,0.1458,0.1415,0.1359,0.1291,0.1210,0.1126,0.1038,0.0947,0.0854,0.0760,0.0666,0.0582,0.0510,0.0447,0.0395,0.0335,0.0268,0.0216,0.0179,0.0145,0.0114,0.0090,0.0072,0.0057,0.0044,0.0035,0.0033,0.0027,0.0018,0.0011,0.0008,0.0006,0.0004,0.0003,0.0002,0.0002,0.0001,0.0001,0.0001,0.0001,0.0002,0.0002,0.0001
34.00,0.0008,0.0012,0.0020,0.0030,0.0041,0.0050,0.0056,0.0069,0.0092,0.0117,0.0145,0.0187,0.0240,0.0297,0.0358,0.0423,0.0494,0.0573,0.0662,0.0733,0.0786,0.0880,0.1015,0.1111,0.1171,0.1249,0.1345,0.1452,0.1570,0.1639,0.1659,0.1721,0.1822,0.1894,0.1936,0.1966,0.1985,0.1998,0.2006,0.1982,0.1926,0.1873,0.1823,0.1765,0.1697,0.1608,0.1497,0.1395,0.1301,0.1200,0.1091,0.0967,0.0829,0.0715,0.0625,0.0551,0.0493,0.0420,0.0333,0.0270,0.0230,0.0189,0.0145,0.0114,0.0093,0.0074,0.0055,0.0044,0.0040,0.0032,0.0020,0.0013,0.0010,0.0008,0.0005,0.0004,0.0003,0.0003,0.0001,0.0001,0.0002,0.0002,0.0002,0.0002,0.0001
33.00,0.0015,0.0020,0.0028,0.0037,0.0049,0.0061,0.0074,0.0096,0.0126,0.0161,0.0203,0.0251,0.0305,0.0370,0.0447,0.0533,0.0629,0.0733,0.0844,0.0948,0.1044,0.1165,0.1310,0.1439,0.1550,0.1670,0.1797,0.1922,0.2045,0.2142,0.2214,0.2300,0.2399,0.2474,0.2526,0.2548,0.2541,0.2552,0.2581,0.2577,0.2542,0.2480,0.2389,0.2310,0.2243,0.2125,0.1957,0.1817,0.1701,0.1577,0.1443,0.1288,0.1114,0.0962,0.0833,0.0723,0.0630,0.0535,0.0436,0.0358,0.0298,0.0244,0.0194,0.0157,0.0132,0.0106,0.0078,0.0061,0.0055,0.0047,0.0036,0.0026,0.0017,0.0011,0.0008,0.0007,0.0007,0.0006,0.0005,0.0004,0.0004,0.0004,0.0003,0.0003,0.0003
32.00,0.0022,0.0028,0.0035,0.0044,0.0057,0.0073,0.0093,0.0122,0.0160,0.0206,0.0260,0.0314,0.0369,0.0443,0.0536,0.0644,0.0765,0.0892,0.1026,0.1163,0.1302,0.1450,0.1606,0.1766,0.1930,0.2091,0.2249,0.2392,0.2519,0.2645,0.2769,0.2879,0.2976,0.3054,0.3116,0.3130,0.3098,0.3107,0.3155,0.3173,0.3160,0.3087,0.2955,0.2856,0.2789,0.2643,0.2418,0.2238,0.2102,0.1954,0.1795,0.1610,0.1398,0.1209,0.1042,0.0895,0.0768,0.0649,0.0540,0.0445,0.0366,0.0299,0.0243,0.0200,0.0171,0.0138,0.0100,0.0078,0.0071,0.0062,0.0051,0.0038,0.0024,0.0015,0.0011,0.0009,0.0010,0.0009,0.0008,0.0007,0.0006,0.0005,0.0004,0.0003,0.0004
31.00,0.0023,0.0031,0.0041,0.0054,0.0073,0.0092,0.0110,0.0148,0.0206,0.0266,0.0330,0.0404,0.0488,0.0585,0.0694,0.0826,0.0979,0.1143,0.1319,0.1500,0.1686,0.1882,0.2091,0.2289,0.2479,0.2673,0.2871,0.3056,0.3227,0.3385,0.3530,0.3668,0.3800,0.3900,0.3970,0.3993,0.3970,0.3978,0.4018,0.4024,0.3998,0.3908,0.3756,0.3618,0.3495,0.3327,0.3116,0.2905,0.2696,0.2472,0.2235,0.2003,0.1776,0.1553,0.1335,0.1147,0.0986,0.0841,0.0710,0.0589,0.0478,0.0388,0.0318,0.0259,0.0211,0.0169,0.0133,0.0107,0.0090,0.0075,0.0062,0.0046,0.0028,0.0017,0.0015,0.0013,0.0012,0.0010,0.0007,0.0005,0.0004,0.0003,0.0003,0.0002,0.0003
30.00,0.0025,0.0035,0.0047,0.0065,0.0090,0.0111,0.0127,0.0174,0.0251,0.0327,0.0401,0.0494,0.0607,0.0726,0.0852,0.1008,0.1193,0.1394,0.1612,0.1837,0.2069,0.2315,0.2575,0.2812,0.3027,0.3254,0.3494,0.3721,0.3935,0.4125,0.4290,0.4456,0.4623,0.4746,0.4824,0.4855,0.4842,0.4850,0.4880,0.4874,0.4835,0.4729,0.4556,0.4380,0.4200,0.4011,0.3814,0.3573,0.3291,0.2991,0.2674,0.2396,0.2154,0.1898,0.1629,0.1398,0.1204,0.1032,0.0881,0.0734,0.0591,0.0478,0.0393,0.0317,0.0251,0.0200,0.0166,0.0135,0.0109,0.0088,0.0073,0.0053,0.0031,0.0019,0.0018,0.0017,0.0016,0.0012,0.0006,0.0002,0.0002,0.0002,0.0001,0.0001,0.0002
29.00,0.0026,0.0037,0.0052,0.0075,0.0106,0.0138,0.0171,0.0227,0.0308,0.0396,0.0494,0.0607,0.0733,0.0886,0.1064,0.1254,0.1456,0.1691,0.1959,0.2243,0.2544,0.2848,0.3155,0.3443,0.3713,0.4000,0.4302,0.4575,0.4820,0.5051,0.5269,0.5470,0.5653,0.5808,0.5936,0.5981,0.5945,0.5934,0.5948,0.5938,0.5905,0.5784,0.5575,0.5357,0.5130,0.4882,0.4615,0.4328,0.4024,0.3680,0.3297,0.2960,0.2669,0.2363,0.2043,0.1758,0.1509,0.1283,0.1080,0.0907,0.0762,0.0632,0.0518,0.0419,0.0335,0.0266,0.0213,0.0172,0.0141,0.0114,0.0089,0.0067,0.0047,0.0033,0.0023,0.0018,0.0018,0.0016,0.0010,0.0006,0.0003,0.0002,0.0002,0.0002,0.0003
28.00,0.0026,0.0039,0.0058,0.0086,0.0123,0.0165,0.0214,0.0280,0.0364,0.0467,0.0588,0.0719,0.0859,0.1045,0.1276,0.1501,0.1720,0.1989,0.2306,0.2650,0.3019,0.3381,0.3734,0.4074,0.4399,0.4745,0.5111,0.5430,0.5704,0.5977,0.6249,0.6484,0.6682,0.6870,0.7048,0.7106,0.7048,0.7018,0.7016,0.7001,0.6975,0.6838,0.6593,0.6334,0.6060,0.5753,0.5416,0.5084,0.4758,0.4369,0.3919,0.3524,0.3185,0.2828,0.2456,0.2118,0.1813,0.1534,0.1280,0.1079,0.0932,0.0786,0.0642,0.0520,0.0419,0.0333,0.0261,0.0208,0.0173,0.0139,0.0106,0.0080,0.0063,0.0046,0.0028,0.0019,0.0021,0.0019,0.0015,0.0010,0.0005,0.0002,0.0002,0.0002,0.0003
27.00,0.0036,0.0053,0.0078,0.0106,0.0139,0.0187,0.0251,0.0335,0.0438,0.0557,0.0692,0.0851,0.1034,0.1259,0.1525,0.1793,0.2063,0.2403,0.2811,0.3237,0.3680,0.4107,0.4518,0.4916,0.5303,0.5716,0.6154,0.6534,0.6857,0.7156,0.7433,0.7676,0.7884,0.8079,0.8260,0.8361,0.8385,0.8390,0.8378,0.8318,0.8211,0.8031,0.7780,0.7508,0.7218,0.6882,0.6502,0.6088,0.5641,0.5176,0.4695,0.4235,0.3797,0.3375,0.2970,0.2586,0.2222,0.1896,0.1605,0.1349,0.1126,0.0933,0.0771,0.0636,0.0529,0.0429,0.0338,0.0265,0.0209,0.0162,0.0125,0.0095,0.0072,0.0053,0.0040,0.0031,0.0026,0.0021,0.0016,0.0011,0.0007,0.0005,0.0004,0.0003,0.0004
26.00,0.0046,0.0067,0.0098,0.0127,0.0155,0.0209,0.0287,0.0389,0.0512,0.0647,0.0796,0.0983,0.1209,0.1473,0.1775,0.2086,0.2406,0.2817,0.3317,0.3825,0.4341,0.4833,0.5301,0.5759,0.6207,0.6686,0.7197,0.7638,0.8010,0.8336,0.8617,0.8868,0.9087,0.9288,0.9471,0.9615,0.9721,0.9762,0.9740,0.9634,0.9447,0.9224,0.8965,0.8682,0.8375,0.8010,0.7588,0.7092,0.6524,0.5983,0.5471,0.4946,0.4410,0.3923,0.3484,0.3054,0.2631,0.2258,0.1931,0.1619,0.1319,0.1080,0.0899,0.0752,0.0639,0.0526,0.0415,0.0321,0.0244,0.0186,0.0145,0.0110,0.0080,0.0061,0.0052,0.0043,0.0032,0.0023,0.0017,0.0012,0.0009,0.0007,0.0006,0.0005,0.0005
25.00,0.0054,0.0076,0.0108,0.0145,0.0186,0.0249,0.0332,0.0443,0.0582,0.0736,0.0906,0.1129,0.1403,0.1727,0.2099,0.2482,0.2875,0.3336,0.3863,0.4414,0.4990,0.5566,0.6140,0.6679,0.7184,0.7714,0.8267,0.8771,0.9226,0.9605,0.9909,1.0206,1.0497,1.0737,1.0929,1.1067,1.1154,1.1175,1.1132,1.1039,1.0898,1.0666,1.0343,0.9997,0.9630,0.9221,0.8772,0.8240,0.7627,0.7026,0.6436,0.5834,0.5218,0.4650,0.4130,0.3642,0.3186,0.2757,0.2354,0.1985,0.1649,0.1361,0.1121,0.0922,0.0762,0.0623,0.0504,0.0403,0.0320,0.0248,0.0188,0.0139,0.0102,0.0076,0.0062,0.0049,0.0035,0.0026,0.0019,0.0015,0.0011,0.0009,0.0006,0.0005,0.0003
24.00,0.0063,0.0086,0.0118,0.0162,0.0217,0.0289,0.0376,0.0497,0.0652,0.0825,0.1015,0.1274,0.1597,0.1981,0.2423,0.2877,0.3344,0.3854,0.4409,0.5004,0.5639,0.6298,0.6979,0.7600,0.8161,0.8741,0.9337,0.9904,1.0443,1.0873,1.1200,1.1544,1.1907,1.2187,1.2386,1.2519,1.2588,1.2589,1.2524,1.2444,1.2351,1.2108,1.1720,1.1312,1.0884,1.0432,0.9956,0.9388,0.8730,0.8068,0.7402,0.6721,0.6026,0.5378,0.4777,0.4232,0.3741,0.3256,0.2776,0.2350,0.1978,0.1643,0.1343,0.1091,0.0885,0.0719,0.0593,0.0485,0.0395,0.0310,0.0230,0.0168,0.0123,0.0091,0.0072,0.0054,0.0039,0.0028,0.0022,0.0017,0.0014,0.0011,0.0007,0.0004,0.0002
23.00,0.0070,0.0099,0.0138,0.0187,0.0246,0.0327,0.0430,0.0565,0.0731,0.0931,0.1163,0.1462,0.1828,0.2243,0.2708,0.3211,0.3751,0.4331,0.4950,0.5641,0.6401,0.7139,0.7856,0.8537,0.9184,0.9848,1.0527,1.1149,1.1714,1.2176,1.2537,1.2901,1.3266,1.3547,1.3746,1.3862,1.3898,1.3915,1.3913,1.3842,1.3704,1.3477,1.3164,1.2782,1.2331,1.1821,1.1252,1.0617,0.9920,0.9220,0.8517,0.7776,0.6999,0.6276,0.5604,0.4974,0.4382,0.3809,0.3256,0.2770,0.2350,0.1964,0.1612,0.1319,0.1083,0.0879,0.0705,0.0567,0.0463,0.0367,0.0278,0.0209,0.0159,0.0120,0.0091,0.0067,0.0050,0.0037,0.0027,0.0021,0.0017,0.0014,0.0010,0.0008,0.0005
22.00,0.0077,0.0113,0.0158,0.0212,0.0275,0.0366,0.0485,0.0633,0.0811,0.1037,0.1310,0.1651,0.2058,0.2506,0.2993,0.3545,0.4160,0.4809,0.5493,0.6278,0.7162,0.7979,0.8732,0.9474,1.0208,1.0956,1.1718,1.2394,1.2985,1.3478,1.3875,1.4257,1.4625,1.4907,1.5106,1.5206,1.5209,1.5241,1.5301,1.5239,1.5057,1.4847,1.4608,1.4251,1.3779,1.3210,1.2547,1.1847,1.1110,1.0372,0.9631,0.8831,0.7972,0.7173,0.6433,0.5715,0.5022,0.4362,0.3737,0.3190,0.2722,0.2285,0.1881,0.1546,0.1281,0.1038,0.0818,0.0649,0.0532,0.0424,0.0325,0.0249,0.0195,0.0148,0.0109,0.0080,0.0060,0.0045,0.0033,0.0025,0.0020,0.0016,0.0014,0.0011,0.0008
21.00,0.0084,0.0119,0.0163,0.0221,0.0294,0.0396,0.0528,0.0697,0.0903,0.1158,0.1463,0.1839,0.2282,0.2777,0.3323,0.3941,0.4628,0.5363,0.6145,0.6997,0.7916,0.8813,0.9689,1.0519,1.1304,1.2067,1.2807,1.3502,1.4154,1.4679,1.5081,1.5469,1.5843,1.6130,1.6332,1.6438,1.6452,1.6505,1.6597,1.6527,1.6299,1.6083,1.5879,1.5521,1.5013,1.4438,1.3799,1.3114,1.2384,1.1581,1.0706,0.9818,0.8916,0.8071,0.7282,0.6518,0.5777,0.5061,0.4369,0.3741,0.3177,0.2673,0.2228,0.1841,0.1511,0.1225,0.0981,0.0788,0.0644,0.0513,0.0395,0.0303,0.0235,0.0181,0.0141,0.0107,0.0080,0.0059,0.0043,0.0031,0.0024,0.0019,0.0016,0.0013,0.0010
20.00,0.0090,0.0126,0.0169,0.0232,0.0313,0.0427,0.0572,0.0761,0.0994,0.1280,0.1618,0.2027,0.2506,0.3048,0.3653,0.4336,0.5097,0.5918,0.6798,0.7716,0.8670,0.9646,1.0646,1.1563,1.2401,1.3178,1.3896,1.4611,1.5322,1.5879,1.6288,1.6682,1.7061,1.7352,1.7558,1.7671,1.7695,1.7769,1.7892,1.7814,1.7541,1.7319,1.7149,1.6790,1.6246,1.5666,1.5051,1.4381,1.3658,1.2790,1.1781,1.0804,0.9860,0.8970,0.8132,0.7320,0.6532,0.5759,0.5000,0.4292,0.3632,0.3061,0.2575,0.2136,0.1742,0.1412,0.1145,0.0926,0.0755,0.0602,0.0465,0.0357,0.0276,0.0214,0.0173,0.0134,0.0100,0.0073,0.0052,0.0037,0.0027,0.0021,0.0019,0.0016,0.0011
19.00,0.0100,0.0139,0.0186,0.0254,0.0342,0.0464,0.0619,0.0828,0.1087,0.1394,0.1747,0.2185,0.2706,0.3302,0.3971,0.4723,0.5557,0.6444,0.7387,0.8359,0.9361,1.0390,1.1447,1.2434,1.3353,1.4186,1.4935,1.5662,1.6367,1.6905,1.7277,1.7653,1.8031,1.8302,1.8471,1.8637,1.8801,1.8904,1.8948,1.8842,1.8592,1.8375,1.8191,1.7850,1.7356,1.6840,1.6301,1.5638,1.4855,1.3947,1.2917,1.1914,1.0939,1.0005,0.9109,0.8216,0.7326,0.6476,0.5666,0.4911,0.4211,0.3577,0.3008,0.2505,0.2066,0.1693,0.1384,0.1126,0.0918,0.0729,0.0558,0.0428,0.0337,0.0262,0.0201,0.0151,0.0110,0.0081,0.0064,0.0048,0.0034,0.0026,0.0022,0.0018,0.0012
18.00,0.0109,0.0152,0.0203,0.0276,0.0370,0.0501,0.0667,0.0894,0.1180,0.1508,0.1876,0.2342,0.2905,0.3554,0.4289,0.5110,0.6016,0.6971,0.7975,0.9002,1.0052,1.1134,1.2248,1.3304,1.4305,1.5194,1.5974,1.6713,1.7413,1.7929,1.8267,1.8624,1.9000,1.9252,1.9383,1.9602,1.9908,2.0040,2.0003,1.9870,1.9643,1.9431,1.9234,1.8911,1.8466,1.8013,1.7551,1.6895,1.6052,1.5104,1.4052,1.3024,1.2019,1.1039,1.0086,0.9113,0.8121,0.7194,0.6331,0.5530,0.4790,0.4093,0.3440,0.2873,0.2391,0.1974,0.1623,0.1325,0.1081,0.0856,0.0650,0.0498,0.0399,0.0310,0.0230,0.0167,0.0121,0.0090,0.0075,0.0059,0.0042,0.0031,0.0026,0.0020,0.0014
17.00,0.0112,0.0158,0.0218,0.0295,0.0387,0.0526,0.0710,0.0945,0.1230,0.1579,0.1991,0.2500,0.3103,0.3777,0.4521,0.5394,0.6392,0.7423,0.8487,0.9562,1.0647,1.1770,1.2931,1.3996,1.4965,1.5870,1.6710,1.7477,1.8173,1.8710,1.9091,1.9462,1.9824,2.0073,2.0212,2.0364,2.0530,2.0634,2.0679,2.0622,2.0465,2.0280,2.0067,1.9759,1.9358,1.8890,1.8358,1.7713,1.6957,1.6090,1.5117,1.4120,1.3101,1.2091,1.1090,1.0071,0.9033,0.8043,0.7098,0.6206,0.5365,0.4608,0.3934,0.3322,0.2772,0.2293,0.1882,0.1539,0.1260,0.1008,0.0782,0.0603,0.0469,0.0360,0.0277,0.0208,0.0152,0.0112,0.0087,0.0066,0.0049,0.0036,0.0028,0.0022,0.0016
16.00,0.0114,0.0163,0.0234,0.0314,0.0404,0.0551,0.0754,0.0997,0.1279,0.1650,0.2107,0.2659,0.3302,0.4001,0.4754,0.5678,0.6768,0.7875,0.9000,1.0122,1.1242,1.2407,1.3615,1.4687,1.5626,1.6546,1.7447,1.8242,1.8933,1.9490,1.9915,2.0300,2.0648,2.0893,2.1040,2.1125,2.1151,2.1228,2.1355,2.1374,2.1288,2.1129,2.0900,2.0606,2.0249,1.9768,1.9166,1.8530,1.7861,1.7077,1.6181,1.5215,1.4183,1.3143,1.2095,1.1029,0.9945,0.8891,0.7865,0.6882,0.5941,0.5124,0.4428,0.3772,0.3154,0.2611,0.2142,0.1752,0.1440,0.1161,0.0914,0.0707,0.0538,0.0411,0.0324,0.0249,0.0184,0.0134,0.0099,0.0073,0.0055,0.0041,0.0031,0.0023,0.0018
15.00,0.0121,0.0174,0.0242,0.0327,0.0427,0.0574,0.0768,0.1025,0.1347,0.1748,0.2226,0.2791,0.3442,0.4185,0.5019,0.5972,0.7040,0.8170,0.9360,1.0574,1.1809,1.3013,1.4188,1.5247,1.6192,1.7104,1.7983,1.8766,1.9456,1.9998,2.0398,2.0759,2.1083,2.1313,2.1452,2.1524,2.1532,2.1592,2.1704,2.1729,2.1670,2.1576,2.1448,2.1205,2.0849,2.0424,1.9933,1.9361,1.8711,1.7961,1.7115,1.6164,1.5110,1.4059,1.3011,1.1938,1.0842,0.9745,0.8650,0.7620,0.6652,0.5761,0.4945,0.4209,0.3552,0.2966,0.2449,0.2005,0.1630,0.1316,0.1059,0.0836,0.0644,0.0493,0.0380,0.0287,0.0212,0.0157,0.0121,0.0092,0.0069,0.0052,0.0040,0.0030,0.0023
14.00,0.0127,0.0183,0.0250,0.0339,0.0450,0.0598,0.0781,0.1054,0.1415,0.1846,0.2345,0.2924,0.3582,0.4370,0.5285,0.6266,0.7312,0.8465,0.9721,1.1025,1.2376,1.3620,1.4761,1.5807,1.6758,1.7662,1.8519,1.9290,1.9977,2.0506,2.0881,2.1218,2.1519,2.1733,2.1863,2.1922,2.1913,2.1957,2.2053,2.2084,2.2051,2.2022,2.1997,2.1804,2.1448,2.1080,2.0699,2.0192,1.9560,1.8846,1.8049,1.7112,1.6036,1.4975,1.3928,1.2849,1.1737,1.0600,0.9436,0.8357,0.7363,0.6398,0.5461,0.4646,0.3950,0.3321,0.2757,0.2258,0.1821,0.1471,0.1205,0.0965,0.0750,0.0574,0.0436,0.0325,0.0241,0.0180,0.0143,0.0111,0.0084,0.0064,0.0050,0.0037,0.0027
13.00,0.0123,0.0178,0.0245,0.0338,0.0454,0.0617,0.0822,0.1113,0.1488,0.1919,0.2403,0.3007,0.3727,0.4560,0.5504,0.6506,0.7565,0.8734,1.0013,1.1336,1.2703,1.3983,1.5179,1.6257,1.7221,1.8121,1.8959,1.9676,2.0275,2.0740,2.1074,2.1399,2.1717,2.1905,2.1966,2.2005,2.2022,2.2048,2.2083,2.2105,2.2115,2.2121,2.2123,2.2050,2.1904,2.1626,2.1219,2.0748,2.0214,1.9578,1.8843,1.7965,1.6950,1.5903,1.4825,1.3713,1.2570,1.1413,1.0242,0.9114,0.8029,0.7011,0.6058,0.5190,0.4404,0.3710,0.3108,0.2572,0.2100,0.1703,0.1377,0.1097,0.0861,0.0665,0.0510,0.0387,0.0298,0.0225,0.0168,0.0125,0.0094,0.0072,0.0057,0.0044,0.0032
12.00,0.0119,0.0173,0.0240,0.0336,0.0459,0.0635,0.0863,0.1173,0.1561,0.1991,0.2462,0.3090,0.3872,0.4750,0.5724,0.6747,0.7817,0.9004,1.0305,1.1648,1.3031,1.4347,1.5595,1.6707,1.7684,1.8580,1.9399,2.0061,2.0572,2.0974,2.1268,2.1582,2.1915,2.2076,2.2068,2.2087,2.2131,2.2140,2.2113,2.2127,2.2179,2.2220,2.2248,2.2295,2.2360,2.2173,2.1740,2.1305,2.0867,2.0310,1.9636,1.8819,1.7864,1.6831,1.5721,1.4578,1.3403,1.2226,1.1047,0.9870,0.8695,0.7625,0.6656,0.5734,0.4858,0.4100,0.3459,0.2886,0.2380,0.1935,0.1549,0.1228,0.0971,0.0756,0.0584,0.0450,0.0355,0.0270,0.0193,0.0138,0.0104,0.0079,0.0064,0.0050,0.0037
11.00,0.0130,0.0185,0.0257,0.0358,0.0487,0.0666,0.0893,0.1203,0.1595,0.2046,0.2555,0.3199,0.3976,0.4881,0.5911,0.6969,0.8054,0.9268,1.0607,1.1955,1.3311,1.4602,1.5830,1.6958,1.7986,1.8871,1.9616,2.0236,2.0733,2.1089,2.1308,2.1539,2.1782,2.1905,2.1910,2.1937,2.1984,2.2045,2.2118,2.2190,2.2261,2.2328,2.2392,2.2447,2.2492,2.2346,2.2015,2.1664,2.1293,2.0806,2.0204,1.9462,1.8582,1.7570,1.6428,1.5305,1.4200,1.3050,1.1858,1.0663,0.9466,0.8337,0.7276,0.6305,0.5420,0.4619,0.3897,0.3256,0.2692,0.2189,0.1746,0.1381,0.1092,0.0858,0.0677,0.0526,0.0407,0.0308,0.0229,0.0168,0.0125,0.0093,0.0072,0.0053,0.0038
10.00,0.0141,0.0198,0.0274,0.0380,0.0516,0.0697,0.0923,0.1234,0.1629,0.2101,0.2648,0.3308,0.4080,0.5012,0.6099,0.7192,0.8291,0.9531,1.0910,1.2262,1.3590,1.4857,1.6065,1.7209,1.8289,1.9162,1.9833,2.0410,2.0893,2.1205,2.1349,2.1497,2.1648,2.1733,2.1753,2.1788,2.1838,2.1950,2.2123,2.2253,2.2343,2.2437,2.2536,2.2598,2.2623,2.2520,2.2291,2.2024,2.1719,2.1302,2.0773,2.0104,1.9300,1.8308,1.7135,1.6032,1.4996,1.3874,1.2669,1.1456,1.0236,0.9050,0.7896,0.6876,0.5983,0.5137,0.4336,0.3625,0.3004,0.2444,0.1944,0.1534,0.1214,0.0960,0.0770,0.0603,0.0458,0.0346,0.0264,0.0198,0.0145,0.0106,0.0079,0.0057,0.0039
9.00,0.0137,0.0196,0.0273,0.0377,0.0508,0.0699,0.0951,0.1269,0.1654,0.2120,0.2664,0.3348,0.4168,0.5131,0.6235,0.7370,0.8535,0.9778,1.1096,1.2455,1.3854,1.5141,1.6319,1.7460,1.8565,1.9427,2.0051,2.0574,2.0999,2.1285,2.1438,2.1567,2.1675,2.1727,2.1723,2.1726,2.1734,2.1825,2.1996,2.2135,2.2243,2.2366,2.2503,2.2609,2.2682,2.2632,2.2462,2.2231,2.1940,2.1557,2.1084,2.0480,1.9749,1.8848,1.7780,1.6722,1.5672,1.4561,1.3392,1.2183,1.0937,0.9740,0.8589,0.7524,0.6540,0.5615,0.4745,0.3984,0.3328,0.2734,0.2200,0.1754,0.1395,0.1106,0.0886,0.0694,0.0532,0.0402,0.0303,0.0227,0.0171,0.0125,0.0087,0.0060,0.0043
8.00,0.0133,0.0194,0.0272,0.0374,0.0499,0.0701,0.0978,0.1305,0.1679,0.2138,0.2680,0.3387,0.4255,0.5251,0.6371,0.7548,0.8779,1.0024,1.1283,1.2648,1.4118,1.5425,1.6572,1.7711,1.8842,1.9692,2.0269,2.0739,2.1104,2.1365,2.1526,2.1638,2.1702,2.1721,2.1694,2.1664,2.1630,2.1699,2.1869,2.2017,2.2143,2.2294,2.2470,2.2619,2.2741,2.2745,2.2633,2.2437,2.2160,2.1812,2.1395,2.0856,2.0198,1.9387,1.8425,1.7412,1.6347,1.5248,1.4114,1.2910,1.1639,1.0430,0.9282,0.8172,0.7097,0.6092,0.5155,0.4343,0.3652,0.3024,0.2456,0.1974,0.1577,0.1253,0.1001,0.0786,0.0606,0.0459,0.0343,0.0256,0.0198,0.0145,0.0096,0.0064,0.0048
7.00,0.0132,0.0195,0.0278,0.0385,0.0515,0.0713,0.0979,0.1296,0.1663,0.2155,0.2768,0.3506,0.4368,0.5358,0.6474,0.7682,0.8981,1.0270,1.1549,1.2925,1.4396,1.5704,1.6851,1.7932,1.8949,1.9743,2.0319,2.0797,2.1179,2.1445,2.1599,2.1678,2.1686,2.1701,2.1725,2.1715,2.1670,2.1717,2.1853,2.1984,2.2110,2.2265,2.2449,2.2600,2.2719,2.2747,2.2686,2.2567,2.2388,2.2079,2.1641,2.1110,2.0488,1.9742,1.8874,1.7943,1.6950,1.5883,1.4744,1.3541,1.2275,1.1062,0.9899,0.8771,0.7676,0.6636,0.5651,0.4786,0.4040,0.3358,0.2742,0.2218,0.1786,0.1419,0.1115,0.0865,0.0669,0.0508,0.0380,0.0284,0.0219,0.0161,0.0110,0.0073,0.0049
6.00,0.0132,0.0195,0.0284,0.0396,0.0530,0.0726,0.0979,0.1287,0.1648,0.2172,0.2855,0.3625,0.4481,0.5466,0.6576,0.7816,0.9183,1.0515,1.1815,1.3202,1.4675,1.5983,1.7129,1.8153,1.9056,1.9793,2.0369,2.0854,2.1254,2.1525,2.1671,2.1718,2.1669,2.1682,2.1757,2.1766,2.1710,2.1734,2.1837,2.1951,2.2077,2.2236,2.2427,2.2581,2.2697,2.2749,2.2740,2.2695,2.2617,2.2346,2.1888,2.1365,2.0778,2.0097,1.9324,1.8475,1.7552,1.6517,1.5374,1.4172,1.2911,1.1693,1.0517,0.9370,0.8254,0.7180,0.6146,0.5230,0.4427,0.3693,0.3027,0.2462,0.1996,0.1585,0.1228,0.0944,0.0732,0.0556,0.0417,0.0312,0.0241,0.0178,0.0125,0.0082,0.0051
5.00,0.0135,0.0197,0.0281,0.0393,0.0533,0.0732,0.0989,0.1308,0.1687,0.2212,0.2878,0.3653,0.4534,0.5546,0.6685,0.7923,0.9257,1.0619,1.2007,1.3408,1.4822,1.6125,1.7320,1.8365,1.9261,1.9985,2.0542,2.0996,2.1349,2.1619,2.1806,2.1850,2.1755,2.1729,2.1771,2.1814,2.1857,2.1936,2.2050,2.2147,2.2229,2.2321,2.2425,2.2531,2.2640,2.2704,2.2724,2.2683,2.2583,2.2369,2.2046,2.1603,2.1042,2.0408,1.9702,1.8883,1.7953,1.6966,1.5922,1.4789,1.3567,1.2352,1.1143,0.9955,0.8786,0.7673,0.6613,0.5645,0.4764,0.3984,0.3302,0.2700,0.2177,0.1730,0.1356,0.1055,0.0824,0.0634,0.0485,0.0366,0.0275,0.0203,0.0150,0.0107,0.0074
4.00,0.0138,0.0198,0.0278,0.0391,0.0536,0.0739,0.1000,0.1330,0.1726,0.2251,0.2902,0.3681,0.4587,0.5626,0.6794,0.8030,0.9332,1.0722,1.2199,1.3614,1.4968,1.6267,1.7511,1.8576,1.9465,2.0177,2.0715,2.1137,2.1446,2.1713,2.1940,2.1981,2.1841,2.1776,2.1786,2.1863,2.2005,2.2138,2.2262,2.2343,2.2381,2.2407,2.2422,2.2481,2.2583,2.2659,2.2708,2.2671,2.2548,2.2392,2.2204,2.1841,2.1306,2.0719,2.0081,1.9291,1.8355,1.7415,1.6471,1.5406,1.4223,1.3010,1.1769,1.0539,0.9317,0.8165,0.7080,0.6059,0.5101,0.4275,0.3577,0.2938,0.2358,0.1874,0.1484,0.1165,0.0915,0.0712,0.0553,0.0419,0.0309,0.0228,0.0175,0.0132,0.0097
3.00,0.0131,0.0186,0.0264,0.0383,0.0540,0.0746,0.0996,0.1326,0.1732,0.2266,0.2924,0.3701,0.4592,0.5635,0.6825,0.8086,0.9418,1.0824,1.2303,1.3724,1.5088,1.6381,1.7604,1.8658,1.9546,2.0278,2.0858,2.1290,2.1577,2.1798,2.1955,2.2000,2.1939,2.1907,2.1904,2.1952,2.2049,2.2125,2.2181,2.2230,2.2274,2.2335,2.2413,2.2489,2.2560,2.2590,2.2580,2.2558,2.2523,2.2430,2.2282,2.1989,2.1555,2.1042,2.0451,1.9732,1.8888,1.7984,1.7023,1.5975,1.4842,1.3646,1.2391,1.1149,0.9922,0.8712,0.7518,0.6456,0.5521,0.4667,0.3893,0.3198,0.2582,0.2064,0.1642,0.1293,0.1014,0.0787,0.0610,0.0460,0.0337,0.0245,0.0184,0.0134,0.0094
2.00,0.0123,0.0174,0.0250,0.0375,0.0546,0.0752,0.0992,0.1322,0.1738,0.2281,0.2947,0.3720,0.4598,0.5644,0.6855,0.8142,0.9503,1.0926,1.2407,1.3834,1.5208,1.6495,1.7697,1.8740,1.9627,2.0380,2.1001,2.1443,2.1709,2.1883,2.1969,2.2020,2.2037,2.2038,2.2023,2.2041,2.2093,2.2112,2.2098,2.2117,2.2166,2.2263,2.2405,2.2496,2.2538,2.2523,2.2452,2.2444,2.2497,2.2469,2.2360,2.2137,2.1804,2.1364,2.0822,2.0173,1.9421,1.8554,1.7576,1.6544,1.5460,1.4282,1.3012,1.1760,1.0526,0.9258,0.7956,0.6851,0.5940,0.5059,0.4209,0.3459,0.2806,0.2254,0.1801,0.1421,0.1113,0.0862,0.0667,0.0502,0.0365,0.0262,0.0193,0.0136,0.0091
1.00,0.0127,0.0182,0.0260,0.0380,0.0543,0.0750,0.1002,0.1341,0.1767,0.2307,0.2960,0.3740,0.4644,0.5710,0.6935,0.8215,0.9548,1.0965,1.2463,1.3879,1.5215,1.6501,1.7737,1.8788,1.9659,2.0390,2.0983,2.1399,2.1642,2.1839,2.1991,2.2068,2.2071,2.2096,2.2142,2.2159,2.2148,2.2148,2.2159,2.2196,2.2259,2.2317,2.2371,2.2418,2.2458,2.2470,2.2453,2.2427,2.2390,2.2335,2.2262,2.2109,2.1877,2.1517,2.1031,2.0463,1.9815,1.9004,1.8035,1.7040,1.6020,1.4859,1.3559,1.2289,1.1047,0.9774,0.8469,0.7305,0.6276,0.5330,0.4463,0.3693,0.3018,0.2434,0.1938,0.1527,0.1198,0.0930,0.0722,0.0547,0.0405,0.0294,0.0214,0.0150,0.0100
-0.00,0.0132,0.0191,0.0269,0.0386,0.0540,0.0749,0.1012,0.1361,0.1795,0.2333,0.2972,0.3759,0.4690,0.5777,0.7015,0.8287,0.9593,1.1004,1.2518,1.3923,1.5222,1.6506,1.7777,1.8837,1.9691,2.0399,2.0965,2.1356,2.1576,2.1795,2.2013,2.2116,2.2106,2.2154,2.2260,2.2276,2.2203,2.2185,2.2219,2.2275,2.2352,2.2372,2.2338,2.2341,2.2379,2.2417,2.2455,2.2409,2.2283,2.2202,2.2165,2.2081,2.1951,2.1669,2.1240,2.0753,2.0209,1.9455,1.8494,1.7536,1.6581,1.5436,1.4106,1.2817,1.1568,1.0290,0.8982,0.7758,0.6613,0.5601,0.4717,0.3927,0.3230,0.2614,0.2075,0.1633,0.1283,0.0998,0.0777,0.0593,0.0445,0.0326,0.0235,0.0163,0.0110
-1.00,0.0119,0.0177,0.0258,0.0374,0.0525,0.0733,0.1000,0.1352,0.1787,0.2315,0.2936,0.3715,0.4649,0.5714,0.6907,0.8184,0.9542,1.0953,1.2415,1.3817,1.5161,1.6439,1.7654,1.8688,1.9547,2.0279,2.0889,2.1322,2.1585,2.1770,2.1880,2.1957,2.2002,2.2072,2.2166,2.2219,2.2232,2.2274,2.2343,2.2383,2.2395,2.2354,2.2263,2.2251,2.2315,2.2342,2.2335,2.2297,2.2229,2.2171,2.2123,2.2024,2.1877,2.1636,2.1303,2.0878,2.0362,1.9678,1.8830,1.7910,1.6921,1.5792,1.4525,1.3259,1.1991,1.0697,0.9376,0.8123,0.6936,0.5888,0.4976,0.4149,0.3402,0.2746,0.2177,0.1710,0.1341,0.1039,0.0805,0.0614,0.0466,0.0344,0.0248,0.0173,0.0119
-2.00,0.0107,0.0163,0.0246,0.0362,0.0509,0.0718,0.0988,0.1342,0.1778,0.2297,0.2900,0.3671,0.4608,0.5652,0.6799,0.8079,0.9491,1.0902,1.2312,1.3712,1.5100,1.6372,1.7530,1.8539,1.9403,2.0160,2.0812,2.1289,2.1594,2.1746,2.1747,2.1798,2.1898,2.1989,2.2071,2.2161,2.2261,2.2362,2.2467,2.2491,2.2437,2.2336,2.2189,2.2161,2.2250,2.2268,2.2216,2.2185,2.2175,2.2140,2.2081,2.1968,2.1804,2.1603,2.1367,2.1003,2.0515,1.9902,1.9165,1.8284,1.7261,1.6147,1.4944,1.3699,1.2415,1.1105,0.9770,0.8488,0.7258,0.6176,0.5236,0.4370,0.3574,0.2878,0.2279,0.1786,0.1398,0.1081,0.0833,0.0635,0.0487,0.0362,0.0260,0.0182,0.0128
-3.00,0.0117,0.0177,0.0262,0.0373,0.0510,0.0711,0.0974,0.1318,0.1742,0.2263,0.2877,0.3638,0.4540,0.5562,0.6703,0.7975,0.9375,1.0759,1.2127,1.3526,1.4955,1.6248,1.7410,1.8416,1.9272,1.9971,2.0517,2.0969,2.1329,2.1556,2.1653,2.1714,2.1738,2.1805,2.1913,2.2013,2.2108,2.2200,2.2291,2.2336,2.2337,2.2301,2.2228,2.2166,2.2114,2.2057,2.1994,2.1982,2.2019,2.2014,2.1965,2.1884,2.1769,2.1624,2.1448,2.1121,2.0646,2.0053,1.9344,1.8489,1.7490,1.6395,1.5206,1.3958,1.2650,1.1335,1.0012,0.8711,0.7431,0.6323,0.5382,0.4490,0.3646,0.2936,0.2357,0.1861,0.1447,0.1115,0.0864,0.0660,0.0501,0.0373,0.0274,0.0194,0.0134
-4.00,0.0127,0.0191,0.0277,0.0384,0.0512,0.0704,0.0959,0.1294,0.1707,0.2228,0.2855,0.3604,0.4471,0.5473,0.6608,0.7871,0.9259,1.0616,1.1942,1.3341,1.4810,1.6125,1.7289,1.8293,1.9141,1.9783,2.0223,2.0649,2.1063,2.1365,2.1560,2.1629,2.1578,2.1620,2.1754,2.1865,2.1955,2.2038,2.2116,2.2182,2.2237,2.2265,2.2267,2.2170,2.1978,2.1846,2.1772,2.1779,2.1864,2.1887,2.1850,2.1799,2.1734,2.1644,2.1530,2.1239,2.0777,2.0204,1.9524,1.8694,1.7718,1.6642,1.5469,1.4216,1.2886,1.1566,1.0255,0.8934,0.7605,0.6470,0.5527,0.4610,0.3718,0.2994,0.2434,0.1936,0.1496,0.1150,0.0895,0.0684,0.0515,0.0384,0.0287,0.0206,0.0140
-5.00,0.0126,0.0185,0.0264,0.0370,0.0501,0.0692,0.0941,0.1274,0.1688,0.2200,0.2810,0.3539,0.4384,0.5375,0.6507,0.7746,0.9088,1.0436,1.1790,1.3161,1.4549,1.5808,1.6942,1.7928,1.8771,1.9457,1.9990,2.0431,2.0782,2.1054,2.1248,2.1372,2.1429,2.1513,2.1625,2.1720,2.1799,2.1866,2.1923,2.1990,2.2066,2.2085,2.2048,2.1982,2.1887,2.1784,2.1675,2.1676,2.1785,2.1788,2.1689,2.1658,2.1693,2.1658,2.1556,2.1274,2.0817,2.0262,1.9611,1.8816,1.7880,1.6825,1.5654,1.4376,1.2996,1.1650,1.0338,0.9035,0.7741,0.6579,0.5544,0.4610,0.3772,0.3063,0.2480,0.1968,0.1527,0.1171,0.0899,0.0675,0.0498,0.0368,0.0283,0.0210,0.0147
-6.00,0.0124,0.0179,0.0251,0.0355,0.0490,0.0680,0.0923,0.1253,0.1668,0.2173,0.2766,0.3475,0.4298,0.5276,0.6407,0.7621,0.8917,1.0256,1.1638,1.2982,1.4288,1.5492,1.6594,1.7562,1.8401,1.9132,1.9758,2.0213,2.0501,2.0742,2.0936,2.1115,2.1280,2.1407,2.1496,2.1575,2.1644,2.1695,2.1731,2.1798,2.1895,2.1905,2.1829,2.1793,2.1796,2.1723,2.1578,2.1573,2.1706,2.1690,2.1528,2.1517,2.1652,2.1673,2.1582,2.1309,2.0857,2.0319,1.9698,1.8938,1.8043,1.7008,1.5839,1.4537,1.3106,1.1734,1.0421,0.9136,0.7878,0.6687,0.5561,0.4609,0.3826,0.3132,0.2524,0.2000,0.1557,0.1192,0.0902,0.0666,0.0480,0.0352,0.0279,0.0214,0.0154
-7.00,0.0116,0.0172,0.0246,0.0344,0.0465,0.0641,0.0871,0.1187,0.1586,0.2080,0.2664,0.3370,0.4194,0.5139,0.6202,0.7392,0.8706,1.0020,1.1333,1.2641,1.3945,1.5146,1.6246,1.7235,1.8115,1.8874,1.9516,1.9995,2.0313,2.0575,2.0780,2.0935,2.1041,2.1176,2.1341,2.1464,2.1545,2.1592,2.1606,2.1653,2.1732,2.1741,2.1681,2.1685,2.1750,2.1730,2.1628,2.1615,2.1688,2.1650,2.1502,2.1468,2.1547,2.1538,2.1444,2.1150,2.0662,2.0141,1.9587,1.8847,1.7925,1.6861,1.5661,1.4336,1.2888,1.1542,1.0296,0.9055,0.7819,0.6652,0.5550,0.4606,0.3815,0.3109,0.2486,0.1962,0.1536,0.1182,0.0897,0.0667,0.0489,0.0357,0.0271,0.0201,0.0146
-8.00,0.0109,0.0165,0.0242,0.0333,0.0439,0.0602,0.0819,0.1121,0.1505,0.1986,0.2562,0.3264,0.4090,0.5001,0.5997,0.7164,0.8496,0.9784,1.1028,1.2301,1.3601,1.4800,1.5898,1.6907,1.7828,1.8617,1.9275,1.9777,2.0125,2.0407,2.0625,2.0755,2.0801,2.0945,2.1186,2.1353,2.1446,2.1488,2.1480,2.1507,2.1569,2.1577,2.1533,2.1577,2.1704,2.1737,2.1678,2.1656,2.1671,2.1610,2.1475,2.1420,2.1443,2.1404,2.1306,2.0992,2.0467,1.9963,1.9477,1.8756,1.7807,1.6715,1.5483,1.4134,1.2671,1.1350,1.0170,0.8973,0.7761,0.6617,0.5539,0.4602,0.3804,0.3086,0.2448,0.1925,0.1515,0.1172,0.0892,0.0668,0.0497,0.0362,0.0263,0.0188,0.0137
-9.00,0.0107,0.0160,0.0230,0.0317,0.0420,0.0583,0.0806,0.1098,0.1456,0.1907,0.2448,0.3119,0.3916,0.4826,0.5846,0.6952,0.8141,0.9387,1.0687,1.1975,1.3251,1.4458,1.5597,1.6644,1.7603,1.8381,1.8982,1.9500,1.9934,2.0255,2.0464,2.0641,2.0786,2.0918,2.1037,2.1145,2.1243,2.1296,2.1304,2.1317,2.1334,2.1351,2.1369,2.1425,2.1517,2.1533,2.1474,2.1469,2.1515,2.1509,2.1454,2.1391,2.1322,2.1201,2.1027,2.0707,2.0241,1.9701,1.9087,1.8314,1.7387,1.6322,1.5125,1.3837,1.2461,1.1157,0.9925,0.8715,0.7525,0.6411,0.5369,0.4452,0.3655,0.2970,0.2393,0.1902,0.1493,0.1149,0.0869,0.0646,0.0480,0.0352,0.0260,0.0187,0.0134
-10.00,0.0105,0.0155,0.0219,0.0301,0.0400,0.0565,0.0794,0.1075,0.1408,0.1828,0.2334,0.2973,0.3743,0.4651,0.5694,0.6740,0.7786,0.8990,1.0346,1.1650,1.2901,1.4116,1.5295,1.6381,1.7377,1.8145,1.8689,1.9222,1.9743,2.0103,2.0304,2.0527,2.0771,2.0890,2.0887,2.0938,2.1040,2.1103,2.1128,2.1126,2.1099,2.1126,2.1205,2.1273,2.1331,2.1329,2.1271,2.1281,2.1358,2.1409,2.1432,2.1363,2.1203,2.0998,2.0749,2.0421,2.0015,1.9439,1.8697,1.7872,1.6967,1.5930,1.4766,1.3539,1.2251,1.0965,0.9681,0.8456,0.7290,0.6205,0.5200,0.4301,0.3507,0.2854,0.2339,0.1878,0.1470,0.1126,0.0845,0.0624,0.0464,0.0342,0.0256,0.0186,0.0130
-11.00,0.0095,0.0140,0.0201,0.0282,0.0385,0.0546,0.0766,0.1035,0.1352,0.1761,0.2259,0.2880,0.3619,0.4469,0.5428,0.6455,0.7546,0.8765,1.0107,1.1350,1.2496,1.3685,1.4917,1.6024,1.7008,1.7803,1.8413,1.8974,1.9485,1.9886,2.0180,2.0426,2.0626,2.0719,2.0708,2.0753,2.0851,2.0910,2.0929,2.0976,2.1050,2.1090,2.1097,2.1127,2.1178,2.1197,2.1186,2.1185,2.1194,2.1188,2.1169,2.1068,2.0888,2.0653,2.0365,1.9972,1.9477,1.8867,1.8144,1.7312,1.6374,1.5324,1.4163,1.2966,1.1735,1.0492,0.9238,0.8047,0.6916,0.5877,0.4925,0.4081,0.3341,0.2717,0.2209,0.1763,0.1378,0.1058,0.0799,0.0592,0.0436,0.0317,0.0233,0.0166,0.0117
-12.00,0.0086,0.0126,0.0182,0.0263,0.0369,0.0528,0.0739,0.0995,0.1296,0.1693,0.2185,0.2787,0.3495,0.4288,0.5162,0.6170,0.7306,0.8540,0.9868,1.1051,1.2090,1.3254,1.4540,1.5666,1.6638,1.7460,1.8138,1.8726,1.9226,1.9670,2.0057,2.0326,2.0480,2.0547,2.0529,2.0568,2.0663,2.0716,2.0730,2.0825,2.1000,2.1054,2.0990,2.0981,2.1025,2.1065,2.1101,2.1088,2.1029,2.0968,2.0906,2.0773,2.0573,2.0308,1.9980,1.9523,1.8939,1.8295,1.7591,1.6752,1.5782,1.4717,1.3560,1.2394,1.1220,1.0020,0.8796,0.7637,0.6542,0.5547,0.4651,0.3861,0.3174,0.2581,0.2078,0.1647,0.1287,0.0989,0.0753,0.0560,0.0408,0.0291,0.0209,0.0147,0.0103
-13.00,0.0090,0.0127,0.0174,0.0251,0.0358,0.0510,0.0706,0.0953,0.1249,0.1624,0.2077,0.2649,0.3336,0.4106,0.4957,0.5931,0.7025,0.8186,0.9412,1.0596,1.1739,1.2923,1.4146,1.5233,1.6187,1.7066,1.7872,1.8502,1.8962,1.9384,1.9772,2.0037,2.0183,2.0286,2.0346,2.0407,2.0469,2.0526,2.0579,2.0652,2.0747,2.0786,2.0770,2.0780,2.0815,2.0822,2.0803,2.0757,2.0684,2.0590,2.0475,2.0298,2.0061,1.9732,1.9316,1.8805,1.8202,1.7547,1.6841,1.5970,1.4938,1.3904,1.2866,1.1759,1.0583,0.9416,0.8258,0.7174,0.6163,0.5231,0.4377,0.3634,0.3001,0.2438,0.1943,0.1531,0.1201,0.0922,0.0691,0.0514,0.0389,0.0286,0.0203,0.0141,0.0098
-14.00,0.0094,0.0128,0.0166,0.0240,0.0347,0.0492,0.0672,0.0909,0.1201,0.1555,0.1969,0.2510,0.3176,0.3924,0.4751,0.5692,0.6743,0.7832,0.8956,1.0141,1.1388,1.2591,1.3752,1.4799,1.5736,1.6672,1.7607,1.8279,1.8696,1.9099,1.9487,1.9749,1.9886,2.0024,2.0163,2.0246,2.0276,2.0336,2.0427,2.0479,2.0493,2.0517,2.0551,2.0580,2.0605,2.0580,2.0506,2.0425,2.0338,2.0211,2.0045,1.9824,1.9548,1.9157,1.8651,1.8086,1.7464,1.6799,1.6091,1.5188,1.4095,1.3091,1.2173,1.1124,0.9946,0.8812,0.7721,0.6712,0.5784,0.4915,0.4102,0.3407,0.2828,0.2295,0.1807,0.1415,0.1116,0.0855,0.0630,0.0469,0.0370,0.0280,0.0198,0.0135,0.0093
-15.00,0.0082,0.0115,0.0158,0.0228,0.0325,0.0459,0.0629,0.0852,0.1126,0.1458,0.1844,0.2352,0.2978,0.3701,0.4519,0.5421,0.6406,0.7454,0.8565,0.9721,1.0923,1.2087,1.3214,1.4268,1.5252,1.6204,1.7124,1.7841,1.8361,1.8806,1.9177,1.9464,1.9669,1.9806,1.9876,1.9943,2.0009,2.0065,2.0114,2.0136,2.0129,2.0158,2.0222,2.0250,2.0244,2.0201,2.0122,2.0021,1.9898,1.9724,1.9498,1.9196,1.8820,1.8370,1.7849,1.7255,1.6588,1.5882,1.5137,1.4256,1.3243,1.2234,1.1228,1.0187,0.9112,0.8077,0.7079,0.6155,0.5302,0.4501,0.3751,0.3103,0.2554,0.2063,0.1629,0.1277,0.1006,0.0769,0.0567,0.0421,0.0331,0.0253,0.0187,0.0133,0.0090
-16.00,0.0070,0.0102,0.0150,0.0217,0.0303,0.0426,0.0585,0.0794,0.1052,0.1361,0.1720,0.2194,0.2781,0.3480,0.4287,0.5151,0.6068,0.7076,0.8174,0.9302,1.0459,1.1583,1.2676,1.3737,1.4768,1.5735,1.6641,1.7403,1.8026,1.8513,1.8867,1.9180,1.9452,1.9587,1.9588,1.9640,1.9741,1.9795,1.9802,1.9792,1.9765,1.9800,1.9893,1.9920,1.9882,1.9822,1.9739,1.9617,1.9458,1.9235,1.8951,1.8569,1.8092,1.7585,1.7048,1.6423,1.5711,1.4964,1.4182,1.3324,1.2391,1.1376,1.0283,0.9251,0.8278,0.7341,0.6438,0.5597,0.4820,0.4087,0.3399,0.2798,0.2280,0.1832,0.1450,0.1139,0.0895,0.0684,0.0504,0.0374,0.0292,0.0227,0.0177,0.0131,0.0088
-17.00,0.0070,0.0099,0.0137,0.0199,0.0282,0.0398,0.0548,0.0745,0.0989,0.1274,0.1599,0.2047,0.2614,0.3273,0.4020,0.4833,0.5709,0.6675,0.7728,0.8823,0.9960,1.1086,1.2203,1.3279,1.4318,1.5250,1.6078,1.6808,1.7441,1.7952,1.8344,1.8662,1.8906,1.9030,1.9035,1.9086,1.9182,1.9218,1.9198,1.9200,1.9226,1.9254,1.9283,1.9275,1.9232,1.9114,1.8922,1.8769,1.8654,1.8436,1.8118,1.7717,1.7238,1.6698,1.6099,1.5419,1.4662,1.3922,1.3200,1.2359,1.1403,1.0453,0.9508,0.8544,0.7560,0.6653,0.5819,0.5044,0.4326,0.3665,0.3059,0.2523,0.2056,0.1647,0.1294,0.1007,0.0782,0.0598,0.0454,0.0343,0.0266,0.0203,0.0154,0.0114,0.0081
-18.00,0.0071,0.0097,0.0125,0.0180,0.0260,0.0370,0.0511,0.0696,0.0925,0.1186,0.1478,0.1900,0.2448,0.3067,0.3754,0.4515,0.5350,0.6273,0.7282,0.8345,0.9461,1.0589,1.1729,1.2822,1.3867,1.4764,1.5516,1.6213,1.6855,1.7390,1.7821,1.8143,1.8360,1.8472,1.8483,1.8533,1.8622,1.8642,1.8593,1.8609,1.8687,1.8708,1.8672,1.8630,1.8583,1.8406,1.8105,1.7920,1.7850,1.7637,1.7284,1.6866,1.6384,1.5811,1.5150,1.4416,1.3612,1.2879,1.2218,1.1395,1.0416,0.9529,0.8733,0.7837,0.6842,0.5965,0.5201,0.4491,0.3832,0.3242,0.2718,0.2249,0.1832,0.1462,0.1139,0.0875,0.0670,0.0513,0.0404,0.0312,0.0239,0.0179,0.0132,0.0097,0.0074
-19.00,0.0065,0.0089,0.0118,0.0170,0.0244,0.0339,0.0456,0.0618,0.0825,0.1072,0.1359,0.1752,0.2248,0.2820,0.3463,0.4170,0.4940,0.5804,0.6761,0.7766,0.8820,0.9873,1.0925,1.1967,1.2999,1.3898,1.4668,1.5384,1.6045,1.6602,1.7056,1.7382,1.7583,1.7729,1.7821,1.7866,1.7865,1.7872,1.7888,1.7895,1.7895,1.7885,1.7865,1.7811,1.7722,1.7562,1.7332,1.7103,1.6877,1.6575,1.6201,1.5762,1.5261,1.4670,1.3991,1.3255,1.2463,1.1737,1.1076,1.0308,0.9434,0.8599,0.7802,0.6976,0.6122,0.5348,0.4654,0.3997,0.3378,0.2842,0.2388,0.1973,0.1597,0.1275,0.1006,0.0780,0.0595,0.0451,0.0347,0.0266,0.0209,0.0158,0.0114,0.0081,0.0060
-20.00,0.0059,0.0082,0.0111,0.0160,0.0228,0.0309,0.0401,0.0540,0.0724,0.0958,0.1239,0.1603,0.2049,0.2573,0.3172,0.3825,0.4530,0.5335,0.6239,0.7188,0.8179,0.9157,1.0121,1.1112,1.2129,1.3031,1.3821,1.4555,1.5236,1.5813,1.6290,1.6620,1.6806,1.6986,1.7159,1.7199,1.7108,1.7103,1.7182,1.7181,1.7103,1.7062,1.7058,1.6991,1.6862,1.6718,1.6559,1.6287,1.5904,1.5514,1.5117,1.4659,1.4139,1.3529,1.2833,1.2094,1.1314,1.0595,0.9935,0.9220,0.8453,0.7670,0.6872,0.6116,0.5401,0.4732,0.4106,0.3504,0.2924,0.2442,0.2056,0.1696,0.1361,0.1088,0.0873,0.0684,0.0521,0.0389,0.0290,0.0220,0.0179,0.0138,0.0097,0.0066,0.0046
-21.00,0.0056,0.0076,0.0103,0.0147,0.0208,0.0284,0.0375,0.0501,0.0661,0.0872,0.1131,0.1461,0.1860,0.2322,0.2844,0.3431,0.4081,0.4821,0.5650,0.6550,0.7518,0.8453,0.9355,1.0303,1.1296,1.2186,1.2977,1.3687,1.4318,1.4845,1.5273,1.5608,1.5854,1.6049,1.6194,1.6234,1.6171,1.6144,1.6153,1.6133,1.6086,1.6014,1.5918,1.5805,1.5678,1.5541,1.5396,1.5131,1.4751,1.4358,1.3953,1.3495,1.2986,1.2366,1.1638,1.0926,1.0230,0.9552,0.8890,0.8193,0.7459,0.6743,0.6045,0.5369,0.4713,0.4105,0.3544,0.3016,0.2518,0.2093,0.1739,0.1428,0.1159,0.0936,0.0757,0.0594,0.0444,0.0329,0.0246,0.0186,0.0148,0.0113,0.0081,0.0057,0.0042
-22.00,0.0054,0.0071,0.0095,0.0134,0.0187,0.0259,0.0348,0.0461,0.0598,0.0786,0.1024,0.1319,0.1671,0.2071,0.2516,0.3037,0.3631,0.4306,0.5061,0.5912,0.6857,0.7749,0.8589,0.9494,1.0462,1.1341,1.2134,1.2819,1.3400,1.3878,1.4256,1.4597,1.4902,1.5112,1.5228,1.5268,1.5234,1.5186,1.5124,1.5085,1.5070,1.4966,1.4777,1.4620,1.4494,1.4365,1.4233,1.3976,1.3598,1.3202,1.2788,1.2331,1.1834,1.1203,1.0443,0.9758,0.9146,0.8508,0.7846,0.7164,0.6465,0.5817,0.5219,0.4621,0.4024,0.3478,0.2982,0.2527,0.2112,0.1744,0.1422,0.1160,0.0957,0.0785,0.0641,0.0503,0.0368,0.0268,0.0203,0.0153,0.0117,0.0089,0.0065,0.0049,0.0038
-23.00,0.0043,0.0059,0.0083,0.0117,0.0162,0.0222,0.0298,0.0400,0.0528,0.0690,0.0886,0.1144,0.1463,0.1832,0.2249,0.2731,0.3277,0.3883,0.4549,0.5312,0.6172,0.7003,0.7806,0.8636,0.9491,1.0304,1.1077,1.1733,1.2274,1.2733,1.3111,1.3430,1.3692,1.3877,1.3987,1.4039,1.4033,1.3998,1.3933,1.3903,1.3906,1.3824,1.3659,1.3503,1.3355,1.3170,1.2947,1.2662,1.2315,1.1945,1.1553,1.1104,1.0600,1.0010,0.9334,0.8692,0.8083,0.7484,0.6897,0.6291,0.5666,0.5075,0.4519,0.3976,0.3445,0.2966,0.2538,0.2152,0.1804,0.1495,0.1223,0.0995,0.0810,0.0656,0.0532,0.0417,0.0308,0.0226,0.0170,0.0128,0.0099,0.0074,0.0054,0.0039,0.0030
-24.00,0.0033,0.0048,0.0070,0.0099,0.0136,0.0185,0.0248,0.0339,0.0458,0.0594,0.0749,0.0970,0.1256,0.1594,0.1982,0.2425,0.2923,0.3460,0.4037,0.4713,0.5486,0.6256,0.7023,0.7777,0.8519,0.9267,1.0020,1.0646,1.1149,1.1589,1.1967,1.2264,1.2481,1.2642,1.2746,1.2809,1.2832,1.2809,1.2742,1.2720,1.2742,1.2682,1.2541,1.2386,1.2217,1.1975,1.1661,1.1347,1.1032,1.0688,1.0318,0.9877,0.9367,0.8817,0.8226,0.7627,0.7019,0.6460,0.5949,0.5418,0.4867,0.4334,0.3819,0.3330,0.2866,0.2454,0.2095,0.1776,0.1497,0.1247,0.1024,0.0830,0.0662,0.0527,0.0423,0.0330,0.0248,0.0183,0.0137,0.0102,0.0079,0.0059,0.0042,0.0029,0.0021
-25.00,0.0028,0.0040,0.0059,0.0086,0.0121,0.0164,0.0215,0.0292,0.0394,0.0517,0.0658,0.0852,0.1096,0.1389,0.1729,0.2115,0.2547,0.3029,0.3562,0.4178,0.4877,0.5566,0.6245,0.6922,0.7596,0.8268,0.8939,0.9497,0.9945,1.0360,1.0743,1.1034,1.1236,1.1396,1.1515,1.1591,1.1624,1.1622,1.1588,1.1542,1.1488,1.1415,1.1325,1.1183,1.0991,1.0753,1.0470,1.0162,0.9829,0.9487,0.9139,0.8726,0.8253,0.7731,0.7161,0.6612,0.6083,0.5583,0.5111,0.4636,0.4157,0.3691,0.3238,0.2824,0.2447,0.2092,0.1759,0.1482,0.1259,0.1049,0.0852,0.0687,0.0554,0.0442,0.0349,0.0271,0.0208,0.0156,0.0117,0.0086,0.0064,0.0047,0.0034,0.0024,0.0016
-26.00,0.0023,0.0033,0.0049,0.0073,0.0106,0.0142,0.0182,0.0244,0.0331,0.0439,0.0568,0.0733,0.0936,0.1183,0.1476,0.1806,0.2170,0.2598,0.3087,0.3644,0.4268,0.4875,0.5467,0.6066,0.6672,0.7270,0.7859,0.8348,0.8740,0.9131,0.9519,0.9804,0.9990,1.0150,1.0284,1.0372,1.0415,1.0435,1.0433,1.0365,1.0234,1.0149,1.0109,0.9980,0.9764,0.9531,0.9279,0.8977,0.8625,0.8286,0.7959,0.7576,0.7138,0.6644,0.6097,0.5598,0.5147,0.4706,0.4274,0.3855,0.3447,0.3048,0.2657,0.2317,0.2028,0.1729,0.1423,0.1188,0.1021,0.0851,0.0679,0.0544,0.0447,0.0357,0.0274,0.0211,0.0167,0.0129,0.0096,0.0069,0.0048,0.0034,0.0025,0.0018,0.0011
-27.00,0.0020,0.0028,0.0042,0.0061,0.0086,0.0119,0.0157,0.0214,0.0288,0.0379,0.0487,0.0626,0.0796,0.1005,0.1254,0.1538,0.1858,0.2238,0.2675,0.3170,0.3723,0.4254,0.4765,0.5295,0.5844,0.6375,0.6889,0.7345,0.7744,0.8100,0.8412,0.8646,0.8803,0.8940,0.9058,0.9140,0.9186,0.9201,0.9184,0.9129,0.9036,0.8953,0.8880,0.8747,0.8557,0.8350,0.8127,0.7856,0.7539,0.7215,0.6887,0.6529,0.6142,0.5713,0.5242,0.4805,0.4399,0.4004,0.3621,0.3251,0.2896,0.2561,0.2247,0.1953,0.1679,0.1420,0.1176,0.0979,0.0827,0.0686,0.0555,0.0444,0.0352,0.0278,0.0219,0.0171,0.0134,0.0102,0.0077,0.0056,0.0040,0.0027,0.0019,0.0014,0.0010
-28.00,0.0016,0.0023,0.0035,0.0049,0.0067,0.0095,0.0133,0.0183,0.0245,0.0319,0.0405,0.0518,0.0656,0.0828,0.1031,0.1271,0.1546,0.1877,0.2262,0.2697,0.3178,0.3633,0.4063,0.4524,0.5016,0.5481,0.5919,0.6341,0.6747,0.7068,0.7306,0.7489,0.7616,0.7730,0.7832,0.7907,0.7957,0.7966,0.7936,0.7893,0.7839,0.7757,0.7650,0.7514,0.7349,0.7170,0.6975,0.6735,0.6452,0.6145,0.5814,0.5482,0.5147,0.4782,0.4388,0.4011,0.3650,0.3303,0.2967,0.2648,0.2345,0.2074,0.1836,0.1588,0.1331,0.1112,0.0929,0.0770,0.0632,0.0520,0.0430,0.0343,0.0258,0.0198,0.0164,0.0132,0.0101,0.0076,0.0058,0.0043,0.0031,0.0021,0.0014,0.0009,0.0008
-29.00,0.0016,0.0022,0.0034,0.0046,0.0058,0.0080,0.0110,0.0152,0.0206,0.0267,0.0334,0.0431,0.0556,0.0700,0.0862,0.1065,0.1311,0.1598,0.1926,0.2284,0.2674,0.3053,0.3422,0.3838,0.4297,0.4702,0.5055,0.5402,0.5744,0.6032,0.6269,0.6456,0.6593,0.6695,0.6762,0.6805,0.6826,0.6824,0.6799,0.6765,0.6722,0.6650,0.6550,0.6433,0.6298,0.6150,0.5989,0.5771,0.5498,0.5225,0.4950,0.4657,0.4344,0.4019,0.3680,0.3352,0.3033,0.2734,0.2452,0.2185,0.1931,0.1705,0.1507,0.1297,0.1077,0.0893,0.0744,0.0619,0.0518,0.0427,0.0346,0.0274,0.0212,0.0164,0.0131,0.0103,0.0080,0.0061,0.0045,0.0034,0.0026,0.0019,0.0012,0.0008,0.0007
-30.00,0.0015,0.0022,0.0033,0.0042,0.0050,0.0065,0.0086,0.0120,0.0167,0.0214,0.0263,0.0344,0.0456,0.0572,0.0691,0.0860,0.1075,0.1318,0.1589,0.1873,0.2170,0.2473,0.2782,0.3151,0.3578,0.3924,0.4191,0.4463,0.4740,0.4997,0.5232,0.5423,0.5570,0.5660,0.5692,0.5704,0.5696,0.5682,0.5662,0.5637,0.5605,0.5543,0.5451,0.5352,0.5247,0.5131,0.5002,0.4806,0.4544,0.4304,0.4087,0.3832,0.3542,0.3256,0.2972,0.2693,0.2416,0.2164,0.1937,0.1722,0.1518,0.1336,0.1177,0.1006,0.0824,0.0674,0.0558,0.0468,0.0403,0.0334,0.0261,0.0205,0.0166,0.0130,0.0098,0.0075,0.0060,0.0046,0.0033,0.0026,0.0022,0.0017,0.0011,0.0007,0.0006
-31.00,0.0011,0.0016,0.0024,0.0030,0.0036,0.0049,0.0069,0.0099,0.0137,0.0179,0.0225,0.0293,0.0383,0.0481,0.0589,0.0729,0.0901,0.1096,0.1315,0.1551,0.1803,0.2066,0.2339,0.2645,0.2985,0.3281,0.3536,0.3764,0.3968,0.4161,0.4344,0.4503,0.4640,0.4724,0.4757,0.4775,0.4780,0.4782,0.4782,0.4763,0.4726,0.4675,0.4610,0.4530,0.4436,0.4320,0.4182,0.4007,0.3798,0.3595,0.3398,0.3180,0.2939,0.2710,0.2492,0.2256,0.2003,0.1779,0.1583,0.1405,0.1244,0.1084,0.0926,0.0779,0.0643,0.0533,0.0449,0.0380,0.0325,0.0270,0.0216,0.0170,0.0134,0.0104,0.0081,0.0062,0.0047,0.0036,0.0028,0.0022,0.0017,0.0012,0.0008,0.0006,0.0005
-32.00,0.0008,0.0010,0.0015,0.0019,0.0022,0.0033,0.0053,0.0078,0.0108,0.0144,0.0187,0.0242,0.0309,0.0391,0.0487,0.0599,0.0726,0.0874,0.1041,0.1228,0.1437,0.1659,0.1895,0.2140,0.2392,0.2639,0.2880,0.3065,0.3195,0.3325,0.3455,0.3584,0.3710,0.3789,0.3822,0.3847,0.3864,0.3882,0.3901,0.3889,0.3847,0.3807,0.3769,0.3709,0.3625,0.3508,0.3361,0.3208,0.3051,0.2885,0.2710,0.2527,0.2337,0.2165,0.2012,0.1820,0.1591,0.1394,0.1230,0.1089,0.0971,0.0833,0.0674,0.0551,0.0461,0.0391,0.0340,0.0292,0.0246,0.0206,0.0170,0.0135,0.0101,0.0077,0.0063,0.0049,0.0034,0.0026,0.0023,0.0018,0.0011,0.0008,0.0006,0.0004,0.0003
-33.00,0.0007,0.0009,0.0014,0.0019,0.0023,0.0033,0.0049,0.0068,0.0091,0.0119,0.0154,0.0198,0.0250,0.0314,0.0389,0.0480,0.0587,0.0707,0.0839,0.0994,0.1170,0.1357,0.1554,0.1758,0.1968,0.2164,0.2348,0.2500,0.2624,0.2746,0.2868,0.2978,0.3077,0.3142,0.3175,0.3197,0.3207,0.3208,0.3197,0.3174,0.3138,0.3111,0.3093,0.3051,0.2985,0.2886,0.2753,0.2624,0.2498,0.2354,0.2194,0.2032,0.1870,0.1726,0.1598,0.1446,0.1271,0.1119,0.0988,0.0870,0.0764,0.0657,0.0550,0.0454,0.0371,0.0310,0.0269,0.0232,0.0199,0.0166,0.0132,0.0104,0.0080,0.0062,0.0051,0.0039,0.0028,0.0020,0.0017,0.0013,0.0009,0.0007,0.0006,0.0005,0.0003
-34.00,0.0005,0.0008,0.0014,0.0019,0.0025,0.0033,0.0045,0.0058,0.0073,0.0094,0.0120,0.0153,0.0191,0.0237,0.0291,0.0362,0.0448,0.0540,0.0638,0.0760,0.0903,0.1054,0.1212,0.1375,0.1543,0.1689,0.1815,0.1936,0.2052,0.2166,0.2280,0.2372,0.2443,0.2496,0.2528,0.2547,0.2551,0.2533,0.2494,0.2459,0.2430,0.2416,0.2416,0.2393,0.2345,0.2263,0.2147,0.2040,0.1944,0.1822,0.1677,0.1537,0.1403,0.1286,0.1185,0.1073,0.0952,0.0843,0.0747,0.0652,0.0557,0.0482,0.0425,0.0358,0.0282,0.0228,0.0198,0.0172,0.0152,0.0126,0.0095,0.0072,0.0059,0.0048,0.0039,0.0030,0.0022,0.0015,0.0010,0.0008,0.0007,0.0007,0.0007,0.0005,0.0003
-35.00,0.0004,0.0006,0.0010,0.0014,0.0019,0.0026,0.0034,0.0044,0.0057,0.0073,0.0094,0.0119,0.0148,0.0187,0.0237,0.0295,0.0362,0.0441,0.0531,0.0627,0.0729,0.0842,0.0966,0.1094,0.1227,0.1340,0.1432,0.1532,0.1639,0.1742,0.1841,0.1916,0.1967,0.2005,0.2030,0.2043,0.2043,0.2039,0.2030,0.2006,0.1967,0.1946,0.1943,0.1912,0.1855,0.1795,0.1730,0.1653,0.1564,0.1459,0.1338,0.1222,0.1109,0.1013,0.0934,0.0847,0.0755,0.0668,0.0587,0.0513,0.0446,0.0386,0.0332,0.0276,0.0218,0.0177,0.0153,0.0131,0.0110,0.0089,0.0069,0.0053,0.0041,0.0032,0.0027,0.0022,0.0017,0.0013,0.0009,0.0007,0.0006,0.0005,0.0004,0.0003,0.0003
-36.00,0.0003,0.0005,0.0006,0.0009,0.0014,0.0019,0.0023,0.0030,0.0040,0.0052,0.0068,0.0086,0.0106,0.0138,0.0183,0.0228,0.0277,0.0342,0.0423,0.0495,0.0556,0.0630,0.0719,0.0813,0.0911,0.0990,0.1050,0.1129,0.1227,0.1318,0.1403,0.1460,0.1491,0.1515,0.1532,0.1539,0.1535,0.1544,0.1566,0.1552,0.1504,0.1476,0.1469,0.1432,0.1366,0.1326,0.1314,0.1266,0.1184,0.1096,0.0999,0.0906,0.0815,0.0741,0.0683,0.0622,0.0558,0.0493,0.0428,0.0375,0.0335,0.0290,0.0240,0.0195,0.0155,0.0127,0.0109,0.0090,0.0068,0.0052,0.0043,0.0033,0.0023,0.0016,0.0015,0.0013,0.0013,0.0011,0.0009,0.0006,0.0004,0.0003,0.0001,0.0001,0.0003
-37.00,0.0005,0.0005,0.0006,0.0008,0.0011,0.0015,0.0020,0.0026,0.0032,0.0041,0.0051,0.0064,0.0078,0.0101,0.0132,0.0170,0.0215,0.0265,0.0320,0.0377,0.0435,0.0495,0.0556,0.0625,0.0700,0.0766,0.0824,0.0893,0.0973,0.1035,0.1082,0.1120,0.1150,0.1174,0.1193,0.1200,0.1193,0.1198,0.1214,0.1211,0.1190,0.1169,0.1151,0.1119,0.1076,0.1045,0.1026,0.0989,0.0936,0.0869,0.0791,0.0720,0.0657,0.0596,0.0534,0.0478,0.0426,0.0376,0.0326,0.0286,0.0255,0.0220,0.0183,0.0151,0.0125,0.0103,0.0084,0.0068,0.0053,0.0042,0.0034,0.0026,0.0020,0.0016,0.0013,0.0011,0.0010,0.0008,0.0006,0.0004,0.0003,0.0003,0.0001,0.0001,0.0002
-38.00,0.0006,0.0006,0.0006,0.0007,0.0008,0.0012,0.0017,0.0022,0.0024,0.0028,0.0035,0.0042,0.0051,0.0065,0.0082,0.0112,0.0154,0.0189,0.0217,0.0259,0.0315,0.0360,0.0394,0.0437,0.0489,0.0543,0.0598,0.0657,0.0719,0.0753,0.0761,0.0779,0.0809,0.0834,0.0855,0.0860,0.0850,0.0851,0.0862,0.0870,0.0875,0.0862,0.0833,0.0807,0.0787,0.0764,0.0738,0.0712,0.0687,0.0643,0.0582,0.0535,0.0500,0.0450,0.0386,0.0334,0.0295,0.0258,0.0224,0.0196,0.0175,0.0152,0.0126,0.0108,0.0096,0.0080,0.0060,0.0046,0.0038,0.0031,0.0024,0.0020,0.0018,0.0015,0.0012,0.0009,0.0007,0.0005,0.0002,0.0002,0.0003,0.0003,0.0001,0.0001,0.0001
-39.00,0.0005,0.0006,0.0006,0.0007,0.0008,0.0011,0.0015,0.0019,0.0024,0.0028,0.0033,0.0038,0.0043,0.0054,0.0070,0.0092,0.0119,0.0145,0.0170,0.0201,0.0239,0.0274,0.0306,0.0340,0.0375,0.0417,0.0464,0.0515,0.0569,0.0596,0.0596,0.0606,0.0626,0.0644,0.0663,0.0672,0.0671,0.0674,0.0681,0.0686,0.0689,0.0673,0.0639,0.0614,0.0599,0.0580,0.0556,0.0535,0.0517,0.0486,0.0444,0.0408,0.0377,0.0342,0.0304,0.0269,0.0237,0.0207,0.0179,0.0157,0.0139,0.0120,0.0103,0.0088,0.0076,0.0062,0.0047,0.0037,0.0031,0.0025,0.0021,0.0017,0.0014,0.0011,0.0010,0.0009,0.0007,0.0005,0.0003,0.0002,0.0002,0.0002,0.0001,0.0001,0.0001
-40.00,0.0005,0.0005,0.0006,0.0007,0.0009,0.0010,0.0012,0.0017,0.0023,0.0028,0.0031,0.0034,0.0036,0.0044,0.0058,0.0072,0.0085,0.0102,0.0123,0.0144,0.0163,0.0188,0.0219,0.0243,0.0261,0.0291,0.0330,0.0374,0.0420,0.0439,0.0432,0.0433,0.0442,0.0455,0.0471,0.0484,0.0492,0.0496,0.0499,0.0501,0.0503,0.0484,0.0446,0.0421,0.0411,0.0395,0.0375,0.0358,0.0347,0.0330,0.0307,0.0281,0.0253,0.0233,0.0221,0.0203,0.0179,0.0156,0.0135,0.0117,0.0102,0.0089,0.0079,0.0068,0.0056,0.0045,0.0035,0.0028,0.0024,0.0020,0.0018,0.0014,0.0010,0.0008,0.0008,0.0008,0.0007,0.0006,0.0004,0.0003,0.0001,0.0001,0.0000,0.0000,0.0000
-41.00,0.0004,0.0004,0.0005,0.0006,0.0008,0.0008,0.0009,0.0011,0.0015,0.0018,0.0022,0.0026,0.0030,0.0037,0.0045,0.0055,0.0065,0.0077,0.0092,0.0108,0.0126,0.0145,0.0166,0.0184,0.0200,0.0221,0.0247,0.0277,0.0310,0.0324,0.0318,0.0318,0.0326,0.0338,0.0356,0.0365,0.0364,0.0366,0.0370,0.0373,0.0375,0.0366,0.0345,0.0328,0.0314,0.0300,0.0284,0.0272,0.0267,0.0254,0.0234,0.0215,0.0196,0.0179,0.0164,0.0148,0.0132,0.0117,0.0106,0.0092,0.0078,0.0067,0.0060,0.0051,0.0041,0.0033,0.0026,0.0023,0.0021,0.0018,0.0015,0.0011,0.0008,0.0006,0.0006,0.0005,0.0005,0.0004,0.0003,0.0003,0.0002,0.0001,0.0001,0.0000,0.0000
-42.00,0.0003,0.0004,0.0004,0.0005,0.0006,0.0007,0.0005,0.0005,0.0006,0.0008,0.0013,0.0018,0.0025,0.0030,0.0033,0.0038,0.0045,0.0052,0.0060,0.0072,0.0087,0.0101,0.0113,0.0125,0.0138,0.0151,0.0164,0.0181,0.0200,0.0208,0.0203,0.0203,0.0209,0.0222,0.0241,0.0246,0.0238,0.0236,0.0242,0.0245,0.0248,0.0248,0.0244,0.0234,0.0218,0.0204,0.0193,0.0186,0.0186,0.0177,0.0161,0.0149,0.0140,0.0125,0.0107,0.0093,0.0085,0.0079,0.0076,0.0068,0.0054,0.0045,0.0041,0.0034,0.0025,0.0020,0.0018,0.0018,0.0018,0.0016,0.0011,0.0008,0.0006,0.0004,0.0003,0.0002,0.0002,0.0002,0.0003,0.0003,0.0003,0.0002,0.0001,0.0001,0.0000
-43.00,0.0002,0.0003,0.0003,0.0003,0.0004,0.0004,0.0003,0.0003,0.0003,0.0006,0.0009,0.0012,0.0017,0.0020,0.0024,0.0029,0.0034,0.0040,0.0046,0.0054,0.0062,0.0072,0.0081,0.0090,0.0100,0.0107,0.0114,0.0125,0.0141,0.0151,0.0156,0.0158,0.0157,0.0164,0.0178,0.0184,0.0181,0.0180,0.0181,0.0184,0.0189,0.0187,0.0180,0.0171,0.0162,0.0155,0.0149,0.0145,0.0143,0.0134,0.0119,0.0108,0.0102,0.0093,0.0083,0.0074,0.0068,0.0062,0.0058,0.0052,0.0042,0.0035,0.0032,0.0028,0.0022,0.0017,0.0014,0.0013,0.0014,0.0013,0.0010,0.0008,0.0006,0.0005,0.0003,0.0002,0.0002,0.0002,0.0002,0.0002,0.0002,0.0002,0.0002,0.0001,0.0000
-44.00,0.0002,0.0002,0.0002,0.0002,0.0001,0.0001,0.0001,0.0002,0.0002,0.0003,0.0005,0.0007,0.0009,0.0011,0.0016,0.0019,0.0024,0.0028,0.0033,0.0036,0.0037,0.0042,0.0048,0.0054,0.0061,0.0064,0.0064,0.0069,0.0082,0.0095,0.0108,0.0111,0.0105,0.0107,0.0116,0.0121,0.0124,0.0123,0.0121,0.0123,0.0130,0.0127,0.0116,0.0109,0.0107,0.0106,0.0106,0.0104,0.0100,0.0091,0.0076,0.0067,0.0064,0.0061,0.0059,0.0056,0.0051,0.0045,0.0041,0.0035,0.0029,0.0025,0.0024,0.0021,0.0018,0.0015,0.0010,0.0008,0.0009,0.0009,0.0009,0.0008,0.0007,0.0005,0.0003,0.0002,0.0002,0.0002,0.0002,0.0001,0.0001,0.0001,0.0002,0.0002,0.0001
